{"10": 0.00047383308410644533, "20": 0.0036518096923828123, "30": 0.013404154777526855, "40": 0.03547661304473877, "50": 0.07828235626220703, "60": 0.1478705883026123, "70": 0.25087902545928953, "80": 0.4061736583709717, "90": 0.6360550642013549, "100": 0.9428963899612427}